Тест;Задача;Входные данные;Ожидаемый результат;Реальный результат;;;;;;;;;;;;;;;;;;;;;;;;
T1;Task 1;n=2, m=3 (нормальный случай);"1: n=2, m=3 6
2: n=2, m=4, (n++)<m=True
3: n=3, m=4, (--m)>n=False";"1: n=2, m=3 6
2: n=2, m=4, (n++)<m=True
3: n=3, m=4, (--m)>n=False";Черный ящик;Класс;Описание;Т1;Т2;Т3;Т4;Т5;Т6;Т7;Т8;Т9;Белый ящик;Условие;Описание;Т1;Т2;Т3;Т4;Т5;Т6;Т7;Т8;Т9
T2;Task 1;n=0, m=0 (граничный случай: нули);"1: n=0, m=0 0
2: n=0, m=1, (n++)<m=True
3: n=1, m=1, (--m)>n=False";"1: n=0, m=0 0
2: n=0, m=1, (n++)<m=True
3: n=1, m=1, (--m)>n=False";Вход;обычные положительные;n, m > 0;+;;;;;;;;;Цикл;while (!isParsed);повтор запроса при неверном вводе;;;;+;+;;;;
T3;Task 1;n=5, m=1 (граничный случай: n > m);"1: n=5, m=1 5
2: n=5, m=2, (n++)<m=False
3: n=6, m=2, (--m)>n=False";"1: n=5, m=1 5
2: n=5, m=2, (n++)<m=False
3: n=6, m=2, (--m)>n=False";Вход;нули;n, m = 0;;+;;;;;;;;Условие;(n++) < m;== True;+;+;;;;;;;
T4;Task 1;"n='abc' (строка вместо int) → повтор; затем n=2, m=3";"Не падает; ввод 'abc' отвергается, запрос повторяется; далее как T1";"input n: abc      (неверно — повтор)
input n: 2
input m: 3
1: n=2, m=3 6
2: n=2, m=4, (n++)<m=True
3: n=3, m=4, (--m)>n=False";Вход;n > m;n > m;;;+;;;;;;;Условие;(n++) < m;== False;;;+;;;;;;
T5;Task 1 (Math);"x='abc' (строка вместо double) → повтор; затем x=2";"Не падает; ввод 'abc' отвергается, запрос повторяется; result = 3.1072325059538586";"input x: abc      (неверно — повтор)
input x: 2
result: 3.1072325059538586";Вход;некорректный ввод;строка вместо int;;;;+;;;;;;Условие;(--m) > n;== False;+;+;+;;;;;;
T6;Task 1 (Math);x=0 (граничный случай);"input x: 0
result: 0";"input x: 0
result: 0";Вход;некорректный ввод;строка вместо double;;;;;+;;;;;Условие;Sqrt(x1²+y1²) <= 1;== True;;;;;;;+;+;
T7;Task 2 (Area);x1=0.6, y1=0.8 (точка на границе единичной окружности);"input x: 0.6
input y: 0.8
isInArea: True";"input x: 0.6
input y: 0.8
isInArea: True";Вход;x = 0;ноль;;;;;;+;;;;Условие;Sqrt(x1²+y1²) <= 1;== False;;;;;;;;;+
T8;Task 2 (Area);x1=0.2, y1=0.2 (точка полностью внутри круга);"input x: 0.2
input y: 0.2
isInArea: True";"input x: 0.2
input y: 0.2
isInArea: True";Вход;граница;точка на границе круга;;;;;;;+;;;;;;;;;;;;;;
T9;Task 2 (Area);x1=2, y1=0 (точка полностью вне круга);"input x: 2
input y: 0
isInArea: False";"input x: 2
input y: 0
isInArea: False";Вход;внутри;точка полностью внутри круга;;;;;;;;+;;;;;;;;;;;;;
;;;;;Вход;вне;точка полностью вне круга;;;;;;;;;+;;;;;;;;;;;;
